/*
Navicat MySQL Data Transfer

Source Server         : 本地
Source Server Version : 50638
Source Host           : localhost:3306
Source Database       : beam

Target Server Type    : MYSQL
Target Server Version : 50638
File Encoding         : 65001

Date: 2019-11-18 18:26:50
*/

SET FOREIGN_KEY_CHECKS=0;

-- ----------------------------
-- Table structure for b_article
-- ----------------------------
DROP TABLE IF EXISTS `b_article`;
CREATE TABLE `b_article` (
  `id` bigint(20) NOT NULL AUTO_INCREMENT,
  `title` varchar(255) DEFAULT NULL COMMENT '标题',
  `short_code` varchar(64) DEFAULT NULL COMMENT '短码',
  `head_img` varchar(255) DEFAULT '' COMMENT '头像',
  `author` varchar(255) DEFAULT '' COMMENT '作者',
  `content` longtext COMMENT '内容',
  `frozen` tinyint(1) DEFAULT '1' COMMENT '是否可用',
  `read_num` int(11) DEFAULT '0',
  `sort` int(11) DEFAULT '1' COMMENT '排序',
  `text_type` smallint(4) DEFAULT '0' COMMENT '0：markdown 1：富文本',
  `tag` varchar(64) DEFAULT '' COMMENT '标签',
  `create_time` datetime DEFAULT NULL COMMENT '创建时间',
  `update_time` datetime DEFAULT NULL COMMENT '更新时间',
  PRIMARY KEY (`id`)
) ENGINE=InnoDB AUTO_INCREMENT=21 DEFAULT CHARSET=utf8mb4;


-- ----------------------------
-- Table structure for b_article_category
-- ----------------------------
DROP TABLE IF EXISTS `b_article_category`;
CREATE TABLE `b_article_category` (
  `id` bigint(20) NOT NULL,
  `name` varchar(64) DEFAULT NULL COMMENT '分类名称',
  `frozen` tinyint(1) DEFAULT NULL COMMENT '是否可用',
  `sort` int(11) DEFAULT '100' COMMENT '排序',
  `create_time` datetime DEFAULT NULL COMMENT '创建时间',
  `update_time` datetime DEFAULT NULL COMMENT '更新时间',
  PRIMARY KEY (`id`)
) ENGINE=InnoDB DEFAULT CHARSET=utf8mb4;



-- ----------------------------
-- Table structure for b_article_category_ref
-- ----------------------------
DROP TABLE IF EXISTS `b_article_category_ref`;
CREATE TABLE `b_article_category_ref` (
  `article_id` bigint(20) DEFAULT NULL,
  `category_id` bigint(20) DEFAULT NULL
) ENGINE=InnoDB DEFAULT CHARSET=utf8mb4;



-- ----------------------------
-- Table structure for qrtz_blob_triggers
-- ----------------------------
DROP TABLE IF EXISTS `qrtz_blob_triggers`;
CREATE TABLE `qrtz_blob_triggers` (
  `SCHED_NAME` varchar(120) NOT NULL,
  `TRIGGER_NAME` varchar(200) NOT NULL,
  `TRIGGER_GROUP` varchar(200) NOT NULL,
  `BLOB_DATA` blob,
  PRIMARY KEY (`SCHED_NAME`,`TRIGGER_NAME`,`TRIGGER_GROUP`),
  KEY `SCHED_NAME` (`SCHED_NAME`,`TRIGGER_NAME`,`TRIGGER_GROUP`),
  CONSTRAINT `QRTZ_BLOB_TRIGGERS_ibfk_1` FOREIGN KEY (`SCHED_NAME`, `TRIGGER_NAME`, `TRIGGER_GROUP`) REFERENCES `qrtz_triggers` (`SCHED_NAME`, `TRIGGER_NAME`, `TRIGGER_GROUP`)
) ENGINE=InnoDB DEFAULT CHARSET=utf8;

-- ----------------------------
-- Records of qrtz_blob_triggers
-- ----------------------------

-- ----------------------------
-- Table structure for qrtz_calendars
-- ----------------------------
DROP TABLE IF EXISTS `qrtz_calendars`;
CREATE TABLE `qrtz_calendars` (
  `SCHED_NAME` varchar(120) NOT NULL,
  `CALENDAR_NAME` varchar(200) NOT NULL,
  `CALENDAR` blob NOT NULL,
  PRIMARY KEY (`SCHED_NAME`,`CALENDAR_NAME`)
) ENGINE=InnoDB DEFAULT CHARSET=utf8;

-- ----------------------------
-- Records of qrtz_calendars
-- ----------------------------

-- ----------------------------
-- Table structure for qrtz_cron_triggers
-- ----------------------------
DROP TABLE IF EXISTS `qrtz_cron_triggers`;
CREATE TABLE `qrtz_cron_triggers` (
  `SCHED_NAME` varchar(120) NOT NULL,
  `TRIGGER_NAME` varchar(200) NOT NULL,
  `TRIGGER_GROUP` varchar(200) NOT NULL,
  `CRON_EXPRESSION` varchar(120) NOT NULL,
  `TIME_ZONE_ID` varchar(80) DEFAULT NULL,
  PRIMARY KEY (`SCHED_NAME`,`TRIGGER_NAME`,`TRIGGER_GROUP`),
  CONSTRAINT `QRTZ_CRON_TRIGGERS_ibfk_1` FOREIGN KEY (`SCHED_NAME`, `TRIGGER_NAME`, `TRIGGER_GROUP`) REFERENCES `qrtz_triggers` (`SCHED_NAME`, `TRIGGER_NAME`, `TRIGGER_GROUP`)
) ENGINE=InnoDB DEFAULT CHARSET=utf8;

-- ----------------------------
-- Records of qrtz_cron_triggers
-- ----------------------------
INSERT INTO `qrtz_cron_triggers` VALUES ('RenrenScheduler', 'TASK_1080345897063223297', 'DEFAULT', '0 * * * * ?', 'Asia/Shanghai');

-- ----------------------------
-- Table structure for qrtz_fired_triggers
-- ----------------------------
DROP TABLE IF EXISTS `qrtz_fired_triggers`;
CREATE TABLE `qrtz_fired_triggers` (
  `SCHED_NAME` varchar(120) NOT NULL,
  `ENTRY_ID` varchar(95) NOT NULL,
  `TRIGGER_NAME` varchar(200) NOT NULL,
  `TRIGGER_GROUP` varchar(200) NOT NULL,
  `INSTANCE_NAME` varchar(200) NOT NULL,
  `FIRED_TIME` bigint(13) NOT NULL,
  `SCHED_TIME` bigint(13) NOT NULL,
  `PRIORITY` int(11) NOT NULL,
  `STATE` varchar(16) NOT NULL,
  `JOB_NAME` varchar(200) DEFAULT NULL,
  `JOB_GROUP` varchar(200) DEFAULT NULL,
  `IS_NONCONCURRENT` varchar(1) DEFAULT NULL,
  `REQUESTS_RECOVERY` varchar(1) DEFAULT NULL,
  PRIMARY KEY (`SCHED_NAME`,`ENTRY_ID`),
  KEY `IDX_QRTZ_FT_TRIG_INST_NAME` (`SCHED_NAME`,`INSTANCE_NAME`),
  KEY `IDX_QRTZ_FT_INST_JOB_REQ_RCVRY` (`SCHED_NAME`,`INSTANCE_NAME`,`REQUESTS_RECOVERY`),
  KEY `IDX_QRTZ_FT_J_G` (`SCHED_NAME`,`JOB_NAME`,`JOB_GROUP`),
  KEY `IDX_QRTZ_FT_JG` (`SCHED_NAME`,`JOB_GROUP`),
  KEY `IDX_QRTZ_FT_T_G` (`SCHED_NAME`,`TRIGGER_NAME`,`TRIGGER_GROUP`),
  KEY `IDX_QRTZ_FT_TG` (`SCHED_NAME`,`TRIGGER_GROUP`)
) ENGINE=InnoDB DEFAULT CHARSET=utf8;

-- ----------------------------
-- Records of qrtz_fired_triggers
-- ----------------------------

-- ----------------------------
-- Table structure for qrtz_job_details
-- ----------------------------
DROP TABLE IF EXISTS `qrtz_job_details`;
CREATE TABLE `qrtz_job_details` (
  `SCHED_NAME` varchar(120) NOT NULL,
  `JOB_NAME` varchar(200) NOT NULL,
  `JOB_GROUP` varchar(200) NOT NULL,
  `DESCRIPTION` varchar(250) DEFAULT NULL,
  `JOB_CLASS_NAME` varchar(250) NOT NULL,
  `IS_DURABLE` varchar(1) NOT NULL,
  `IS_NONCONCURRENT` varchar(1) NOT NULL,
  `IS_UPDATE_DATA` varchar(1) NOT NULL,
  `REQUESTS_RECOVERY` varchar(1) NOT NULL,
  `JOB_DATA` blob,
  PRIMARY KEY (`SCHED_NAME`,`JOB_NAME`,`JOB_GROUP`),
  KEY `IDX_QRTZ_J_REQ_RECOVERY` (`SCHED_NAME`,`REQUESTS_RECOVERY`),
  KEY `IDX_QRTZ_J_GRP` (`SCHED_NAME`,`JOB_GROUP`)
) ENGINE=InnoDB DEFAULT CHARSET=utf8;

-- ----------------------------
-- Records of qrtz_job_details
-- ----------------------------
INSERT INTO `qrtz_job_details` VALUES ('RenrenScheduler', 'TASK_1080345897063223297', 'DEFAULT', null, 'com.hsshy.beam.common.quartz.ScheduleJob', '0', '0', '0', '0', 0xACED0005737200156F72672E71756172747A2E4A6F62446174614D61709FB083E8BFA9B0CB020000787200266F72672E71756172747A2E7574696C732E537472696E674B65794469727479466C61674D61708208E8C3FBC55D280200015A0013616C6C6F77735472616E7369656E74446174617872001D6F72672E71756172747A2E7574696C732E4469727479466C61674D617013E62EAD28760ACE0200025A000564697274794C00036D617074000F4C6A6176612F7574696C2F4D61703B787001737200116A6176612E7574696C2E486173684D61700507DAC1C31660D103000246000A6C6F6164466163746F724900097468726573686F6C6478703F4000000000000C7708000000100000000174000D4A4F425F504152414D5F4B455973720033636F6D2E68737368792E6265616D2E6D6F64756C61722E7379732E656E746974792E5363686564756C654A6F62456E7469747900000000000000010200074C00086265616E4E616D657400124C6A6176612F6C616E672F537472696E673B4C000E63726F6E45787072657373696F6E71007E00094C000269647400104C6A6176612F6C616E672F4C6F6E673B4C000A6D6574686F644E616D6571007E00094C0006706172616D7371007E00094C000672656D61726B71007E00094C00067374617475737400134C6A6176612F6C616E672F496E74656765723B7872002C636F6D2E68737368792E6265616D2E636F6D6D6F6E2E626173652E656E746974792E52657374456E74697479EE8CF07CFDCA369C0200024C000A63726561746554696D657400104C6A6176612F7574696C2F446174653B4C000A75706461746554696D6571007E000D78720030636F6D2E68737368792E6265616D2E636F6D6D6F6E2E626173652E656E746974792E4162737472616374456E74697479040721C4286B1A7C0200024A000B63757272656E74506167654A00087061676553697A6578720035636F6D2E62616F6D69646F752E6D796261746973706C75732E657874656E73696F6E2E6163746976657265636F72642E4D6F64656C000000000000000102000078700000000000000000000000000000000A7372000E6A6176612E7574696C2E44617465686A81014B59741903000078707708000001680D307CA0787371007E001177080000016C407E7C9878740008746573745461736B74000B30202A202A202A202A203F7372000E6A6176612E6C616E672E4C6F6E673B8BE490CC8F23DF0200014A000576616C7565787200106A6176612E6C616E672E4E756D62657286AC951D0B94E08B02000078700EFE28DE95011001740005746573743270740006E6B58BE8AF95737200116A6176612E6C616E672E496E746567657212E2A0A4F781873802000149000576616C75657871007E0017000000007800);

-- ----------------------------
-- Table structure for qrtz_locks
-- ----------------------------
DROP TABLE IF EXISTS `qrtz_locks`;
CREATE TABLE `qrtz_locks` (
  `SCHED_NAME` varchar(120) NOT NULL,
  `LOCK_NAME` varchar(40) NOT NULL,
  PRIMARY KEY (`SCHED_NAME`,`LOCK_NAME`)
) ENGINE=InnoDB DEFAULT CHARSET=utf8;

-- ----------------------------
-- Records of qrtz_locks
-- ----------------------------
INSERT INTO `qrtz_locks` VALUES ('RenrenScheduler', 'STATE_ACCESS');
INSERT INTO `qrtz_locks` VALUES ('RenrenScheduler', 'TRIGGER_ACCESS');

-- ----------------------------
-- Table structure for qrtz_paused_trigger_grps
-- ----------------------------
DROP TABLE IF EXISTS `qrtz_paused_trigger_grps`;
CREATE TABLE `qrtz_paused_trigger_grps` (
  `SCHED_NAME` varchar(120) NOT NULL,
  `TRIGGER_GROUP` varchar(200) NOT NULL,
  PRIMARY KEY (`SCHED_NAME`,`TRIGGER_GROUP`)
) ENGINE=InnoDB DEFAULT CHARSET=utf8;

-- ----------------------------
-- Records of qrtz_paused_trigger_grps
-- ----------------------------

-- ----------------------------
-- Table structure for qrtz_scheduler_state
-- ----------------------------
DROP TABLE IF EXISTS `qrtz_scheduler_state`;
CREATE TABLE `qrtz_scheduler_state` (
  `SCHED_NAME` varchar(120) NOT NULL,
  `INSTANCE_NAME` varchar(200) NOT NULL,
  `LAST_CHECKIN_TIME` bigint(13) NOT NULL,
  `CHECKIN_INTERVAL` bigint(13) NOT NULL,
  PRIMARY KEY (`SCHED_NAME`,`INSTANCE_NAME`)
) ENGINE=InnoDB DEFAULT CHARSET=utf8;

-- ----------------------------
-- Records of qrtz_scheduler_state
-- ----------------------------
INSERT INTO `qrtz_scheduler_state` VALUES ('RenrenScheduler', 'LAPTOP-JP1B0EBJ1574061900303', '1574072721597', '15000');

-- ----------------------------
-- Table structure for qrtz_simple_triggers
-- ----------------------------
DROP TABLE IF EXISTS `qrtz_simple_triggers`;
CREATE TABLE `qrtz_simple_triggers` (
  `SCHED_NAME` varchar(120) NOT NULL,
  `TRIGGER_NAME` varchar(200) NOT NULL,
  `TRIGGER_GROUP` varchar(200) NOT NULL,
  `REPEAT_COUNT` bigint(7) NOT NULL,
  `REPEAT_INTERVAL` bigint(12) NOT NULL,
  `TIMES_TRIGGERED` bigint(10) NOT NULL,
  PRIMARY KEY (`SCHED_NAME`,`TRIGGER_NAME`,`TRIGGER_GROUP`),
  CONSTRAINT `QRTZ_SIMPLE_TRIGGERS_ibfk_1` FOREIGN KEY (`SCHED_NAME`, `TRIGGER_NAME`, `TRIGGER_GROUP`) REFERENCES `qrtz_triggers` (`SCHED_NAME`, `TRIGGER_NAME`, `TRIGGER_GROUP`)
) ENGINE=InnoDB DEFAULT CHARSET=utf8;

-- ----------------------------
-- Records of qrtz_simple_triggers
-- ----------------------------

-- ----------------------------
-- Table structure for qrtz_simprop_triggers
-- ----------------------------
DROP TABLE IF EXISTS `qrtz_simprop_triggers`;
CREATE TABLE `qrtz_simprop_triggers` (
  `SCHED_NAME` varchar(120) NOT NULL,
  `TRIGGER_NAME` varchar(200) NOT NULL,
  `TRIGGER_GROUP` varchar(200) NOT NULL,
  `STR_PROP_1` varchar(512) DEFAULT NULL,
  `STR_PROP_2` varchar(512) DEFAULT NULL,
  `STR_PROP_3` varchar(512) DEFAULT NULL,
  `INT_PROP_1` int(11) DEFAULT NULL,
  `INT_PROP_2` int(11) DEFAULT NULL,
  `LONG_PROP_1` bigint(20) DEFAULT NULL,
  `LONG_PROP_2` bigint(20) DEFAULT NULL,
  `DEC_PROP_1` decimal(13,4) DEFAULT NULL,
  `DEC_PROP_2` decimal(13,4) DEFAULT NULL,
  `BOOL_PROP_1` varchar(1) DEFAULT NULL,
  `BOOL_PROP_2` varchar(1) DEFAULT NULL,
  PRIMARY KEY (`SCHED_NAME`,`TRIGGER_NAME`,`TRIGGER_GROUP`),
  CONSTRAINT `QRTZ_SIMPROP_TRIGGERS_ibfk_1` FOREIGN KEY (`SCHED_NAME`, `TRIGGER_NAME`, `TRIGGER_GROUP`) REFERENCES `qrtz_triggers` (`SCHED_NAME`, `TRIGGER_NAME`, `TRIGGER_GROUP`)
) ENGINE=InnoDB DEFAULT CHARSET=utf8;

-- ----------------------------
-- Records of qrtz_simprop_triggers
-- ----------------------------

-- ----------------------------
-- Table structure for qrtz_triggers
-- ----------------------------
DROP TABLE IF EXISTS `qrtz_triggers`;
CREATE TABLE `qrtz_triggers` (
  `SCHED_NAME` varchar(120) NOT NULL,
  `TRIGGER_NAME` varchar(200) NOT NULL,
  `TRIGGER_GROUP` varchar(200) NOT NULL,
  `JOB_NAME` varchar(200) NOT NULL,
  `JOB_GROUP` varchar(200) NOT NULL,
  `DESCRIPTION` varchar(250) DEFAULT NULL,
  `NEXT_FIRE_TIME` bigint(13) DEFAULT NULL,
  `PREV_FIRE_TIME` bigint(13) DEFAULT NULL,
  `PRIORITY` int(11) DEFAULT NULL,
  `TRIGGER_STATE` varchar(16) NOT NULL,
  `TRIGGER_TYPE` varchar(8) NOT NULL,
  `START_TIME` bigint(13) NOT NULL,
  `END_TIME` bigint(13) DEFAULT NULL,
  `CALENDAR_NAME` varchar(200) DEFAULT NULL,
  `MISFIRE_INSTR` smallint(2) DEFAULT NULL,
  `JOB_DATA` blob,
  PRIMARY KEY (`SCHED_NAME`,`TRIGGER_NAME`,`TRIGGER_GROUP`),
  KEY `IDX_QRTZ_T_J` (`SCHED_NAME`,`JOB_NAME`,`JOB_GROUP`),
  KEY `IDX_QRTZ_T_JG` (`SCHED_NAME`,`JOB_GROUP`),
  KEY `IDX_QRTZ_T_C` (`SCHED_NAME`,`CALENDAR_NAME`),
  KEY `IDX_QRTZ_T_G` (`SCHED_NAME`,`TRIGGER_GROUP`),
  KEY `IDX_QRTZ_T_STATE` (`SCHED_NAME`,`TRIGGER_STATE`),
  KEY `IDX_QRTZ_T_N_STATE` (`SCHED_NAME`,`TRIGGER_NAME`,`TRIGGER_GROUP`,`TRIGGER_STATE`),
  KEY `IDX_QRTZ_T_N_G_STATE` (`SCHED_NAME`,`TRIGGER_GROUP`,`TRIGGER_STATE`),
  KEY `IDX_QRTZ_T_NEXT_FIRE_TIME` (`SCHED_NAME`,`NEXT_FIRE_TIME`),
  KEY `IDX_QRTZ_T_NFT_ST` (`SCHED_NAME`,`TRIGGER_STATE`,`NEXT_FIRE_TIME`),
  KEY `IDX_QRTZ_T_NFT_MISFIRE` (`SCHED_NAME`,`MISFIRE_INSTR`,`NEXT_FIRE_TIME`),
  KEY `IDX_QRTZ_T_NFT_ST_MISFIRE` (`SCHED_NAME`,`MISFIRE_INSTR`,`NEXT_FIRE_TIME`,`TRIGGER_STATE`),
  KEY `IDX_QRTZ_T_NFT_ST_MISFIRE_GRP` (`SCHED_NAME`,`MISFIRE_INSTR`,`NEXT_FIRE_TIME`,`TRIGGER_GROUP`,`TRIGGER_STATE`),
  CONSTRAINT `QRTZ_TRIGGERS_ibfk_1` FOREIGN KEY (`SCHED_NAME`, `JOB_NAME`, `JOB_GROUP`) REFERENCES `qrtz_job_details` (`SCHED_NAME`, `JOB_NAME`, `JOB_GROUP`)
) ENGINE=InnoDB DEFAULT CHARSET=utf8;

-- ----------------------------
-- Records of qrtz_triggers
-- ----------------------------
INSERT INTO `qrtz_triggers` VALUES ('RenrenScheduler', 'TASK_1080345897063223297', 'DEFAULT', 'TASK_1080345897063223297', 'DEFAULT', null, '1572182760000', '-1', '5', 'PAUSED', 'CRON', '1572182757000', '0', null, '2', 0xACED0005737200156F72672E71756172747A2E4A6F62446174614D61709FB083E8BFA9B0CB020000787200266F72672E71756172747A2E7574696C732E537472696E674B65794469727479466C61674D61708208E8C3FBC55D280200015A0013616C6C6F77735472616E7369656E74446174617872001D6F72672E71756172747A2E7574696C732E4469727479466C61674D617013E62EAD28760ACE0200025A000564697274794C00036D617074000F4C6A6176612F7574696C2F4D61703B787001737200116A6176612E7574696C2E486173684D61700507DAC1C31660D103000246000A6C6F6164466163746F724900097468726573686F6C6478703F4000000000000C7708000000100000000174000D4A4F425F504152414D5F4B455973720033636F6D2E68737368792E6265616D2E6D6F64756C61722E7379732E656E746974792E5363686564756C654A6F62456E7469747900000000000000010200074C00086265616E4E616D657400124C6A6176612F6C616E672F537472696E673B4C000E63726F6E45787072657373696F6E71007E00094C000269647400104C6A6176612F6C616E672F4C6F6E673B4C000A6D6574686F644E616D6571007E00094C0006706172616D7371007E00094C000672656D61726B71007E00094C00067374617475737400134C6A6176612F6C616E672F496E74656765723B7872002D636F6D2E68737368792E6265616D2E6D6F64756C61722E626173652E656E746974792E52657374456E74697479460BF08B6C7116780200024C000A63726561746554696D657400104C6A6176612F7574696C2F446174653B4C000A75706461746554696D6571007E000D78720031636F6D2E68737368792E6265616D2E6D6F64756C61722E626173652E656E746974792E4162737472616374456E74697479D91CD69FB21A43710200024A000B63757272656E74506167654A00087061676553697A6578720035636F6D2E62616F6D69646F752E6D796261746973706C75732E657874656E73696F6E2E6163746976657265636F72642E4D6F64656C000000000000000102000078700000000000000000000000000000000A7372000E6A6176612E7574696C2E44617465686A81014B59741903000078707708000001680D307CA0787371007E001177080000016C407E7C9878740008746573745461736B74000B30202A202A202A202A203F7372000E6A6176612E6C616E672E4C6F6E673B8BE490CC8F23DF0200014A000576616C7565787200106A6176612E6C616E672E4E756D62657286AC951D0B94E08B02000078700EFE28DE95011001740005746573743270740006E6B58BE8AF95737200116A6176612E6C616E672E496E746567657212E2A0A4F781873802000149000576616C75657871007E0017000000007800);

-- ----------------------------
-- Table structure for sys_config
-- ----------------------------
DROP TABLE IF EXISTS `sys_config`;
CREATE TABLE `sys_config` (
  `id` bigint(20) NOT NULL AUTO_INCREMENT,
  `param_key` varchar(50) DEFAULT NULL COMMENT 'key',
  `param_value` varchar(2048) DEFAULT NULL COMMENT 'value',
  `status` tinyint(4) DEFAULT '1' COMMENT '状态   0：隐藏   1：显示',
  `remark` varchar(1024) DEFAULT NULL COMMENT '备注',
  `create_time` datetime DEFAULT NULL,
  `update_time` datetime DEFAULT NULL,
  PRIMARY KEY (`id`),
  UNIQUE KEY `param_key` (`param_key`)
) ENGINE=InnoDB AUTO_INCREMENT=4 DEFAULT CHARSET=utf8 COMMENT='系统配置信息表';

-- ----------------------------
-- Records of sys_config
-- ----------------------------
INSERT INTO `sys_config` VALUES ('1', 'CLOUD_STORAGE_CONFIG_KEY', '{\"aliyunAccessKeyId\":\"\",\"aliyunAccessKeySecret\":\"\",\"aliyunBucketName\":\"\",\"aliyunDomain\":\"\",\"aliyunEndPoint\":\"\",\"aliyunPrefix\":\"\",\"qcloudBucketName\":\"\",\"qcloudDomain\":\"\",\"qcloudPrefix\":\"\",\"qcloudSecretId\":\"\",\"qcloudSecretKey\":\"\",\"qiniuAccessKey\":\"uTUUJ1fidpo5Hc6b7qJXd2i5SyVUzsBvQJgKn_N6\",\"qiniuBucketName\":\"hsshy\",\"qiniuDomain\":\"http://img.hsshy.cn\",\"qiniuPrefix\":\"upload\",\"qiniuSecretKey\":\"_XKtAamyCjnQN_rW-cqjSOb5X5bmDONgfDBknzbR\",\"type\":1}', '1', '云存储配置信息', '2019-08-27 16:00:09', '2019-08-27 16:00:11');
INSERT INTO `sys_config` VALUES ('2', 'MiniAppConfig', '{\"appId\":\"wxee7d54a4d020f91e\",\"originalId\":\"\",\"appSecret\":\"4a768565a9a8866e5e32c75fd7f41cd8\",\"mchId\":\"\",\"mchKey\":\"\",\"keyStoreFilePath\":\"\"}', '1', '小程序配置', '2019-08-27 16:00:09', '2019-08-27 16:00:11');
INSERT INTO `sys_config` VALUES ('3', 'BdAiConfig', '{\"imgIdentifyClientId\":\"GvRG8m4zbSv5pGIjjklgU6oo\",\"imgIdentifyClientSecret\":\"XE25zPo39Rh9YN4KOIRtf8rDUeIyh4BW\",\"wordIdentifyClientId\":\"pYyymWG9DnFf8hCuWz3UrtfI\",\"wordIdentifyClientSecret\":\"Ng8wB34nqNi2bHRkOr3O6OBrPCS1s9gu\"}', '1', '百度图片识别AI配置', '2019-08-27 16:02:36', '2019-08-27 16:02:39');

-- ----------------------------
-- Table structure for sys_dept
-- ----------------------------
DROP TABLE IF EXISTS `sys_dept`;
CREATE TABLE `sys_dept` (
  `id` bigint(20) NOT NULL,
  `parent_id` bigint(20) DEFAULT NULL COMMENT '上级部门ID，一级部门为0',
  `name` varchar(50) DEFAULT NULL COMMENT '部门名称',
  `order_num` int(11) DEFAULT NULL COMMENT '排序',
  `del_flag` tinyint(4) DEFAULT '0' COMMENT '是否删除  -1：已删除  0：正常',
  `create_time` datetime DEFAULT NULL,
  `update_time` datetime DEFAULT NULL,
  PRIMARY KEY (`id`)
) ENGINE=InnoDB DEFAULT CHARSET=utf8 COMMENT='部门管理';

-- ----------------------------
-- Records of sys_dept
-- ----------------------------
INSERT INTO `sys_dept` VALUES ('1163640150102687746', '0', '总公司', '1', '0', '2019-08-20 02:33:26', '2019-08-20 02:33:26');
INSERT INTO `sys_dept` VALUES ('1163640207627567105', '1163640150102687746', '福州分公司', '1', '0', '2019-08-20 02:33:40', '2019-08-20 02:33:40');
INSERT INTO `sys_dept` VALUES ('1163640286849581058', '1163640150102687746', '厦门分公司', '1', '0', '2019-08-20 02:33:58', '2019-08-20 02:33:58');
INSERT INTO `sys_dept` VALUES ('1163640382295162881', '1163640207627567105', '技术部', '1', '0', '2019-08-20 02:34:21', '2019-08-20 02:34:21');

-- ----------------------------
-- Table structure for sys_dict
-- ----------------------------
DROP TABLE IF EXISTS `sys_dict`;
CREATE TABLE `sys_dict` (
  `id` bigint(20) NOT NULL AUTO_INCREMENT COMMENT '主键id',
  `pid` bigint(20) DEFAULT NULL COMMENT '父级字典',
  `name` varchar(255) DEFAULT NULL COMMENT '名称',
  `des` varchar(255) DEFAULT NULL COMMENT '描述',
  `code` varchar(255) DEFAULT NULL COMMENT '编码',
  `sort` int(11) DEFAULT NULL COMMENT '排序',
  `create_time` datetime DEFAULT NULL COMMENT '创建时间',
  `update_time` datetime DEFAULT NULL COMMENT '更新时间',
  PRIMARY KEY (`id`)
) ENGINE=InnoDB AUTO_INCREMENT=39 DEFAULT CHARSET=utf8 COMMENT='字典表';

-- ----------------------------
-- Records of sys_dict
-- ----------------------------
INSERT INTO `sys_dict` VALUES ('16', '0', '状态', '', 'frozen', '1', '2019-04-12 10:50:21', '2019-07-24 06:59:39');
INSERT INTO `sys_dict` VALUES ('17', '16', '启用', null, '1', '1', '2019-04-12 10:50:25', '2019-04-12 10:50:28');
INSERT INTO `sys_dict` VALUES ('18', '16', '禁用', null, '0', '2', '2019-04-12 10:50:30', '2019-04-12 10:50:33');
INSERT INTO `sys_dict` VALUES ('29', '0', '性别', '', 'sex', '2', '2019-04-12 10:50:36', '2019-04-13 07:29:59');
INSERT INTO `sys_dict` VALUES ('30', '29', '男', null, '1', '1', '2019-04-12 10:50:41', '2019-04-12 10:50:43');
INSERT INTO `sys_dict` VALUES ('31', '29', '女', null, '2', '2', '2019-04-12 10:50:46', '2019-04-12 10:50:48');
INSERT INTO `sys_dict` VALUES ('32', '0', '菜单类型', null, 'menu_type', '3', '2019-04-12 18:30:54', '2019-04-12 18:30:57');
INSERT INTO `sys_dict` VALUES ('33', '32', '目录', null, '0', '1', '2019-04-12 18:31:48', '2019-04-12 18:31:50');
INSERT INTO `sys_dict` VALUES ('34', '32', '菜单', null, '1', '2', '2019-04-12 18:32:10', '2019-04-12 18:32:12');
INSERT INTO `sys_dict` VALUES ('35', '32', '按钮', null, '2', '3', '2019-04-12 18:32:25', '2019-04-12 18:32:28');
INSERT INTO `sys_dict` VALUES ('36', '0', '定时任务状态', null, 'schedule_status', '4', '2019-04-13 11:49:28', '2019-04-13 11:49:30');
INSERT INTO `sys_dict` VALUES ('37', '36', '正常', null, '1', '1', '2019-04-13 11:50:08', '2019-04-13 11:50:10');
INSERT INTO `sys_dict` VALUES ('38', '36', '暂停', null, '0', '2', '2019-04-13 11:50:24', '2019-04-13 11:50:27');

-- ----------------------------
-- Table structure for sys_login_log
-- ----------------------------
DROP TABLE IF EXISTS `sys_login_log`;
CREATE TABLE `sys_login_log` (
  `id` bigint(20) NOT NULL AUTO_INCREMENT,
  `log_name` varchar(64) DEFAULT NULL COMMENT '日志名称',
  `user_id` bigint(20) DEFAULT NULL COMMENT '用户ID',
  `succeed` varchar(32) DEFAULT NULL COMMENT '是否成功',
  `message` varchar(64) DEFAULT NULL COMMENT '消息',
  `ip_address` varchar(64) DEFAULT NULL COMMENT 'ip',
  `create_time` datetime DEFAULT NULL COMMENT '创建时间',
  `update_time` datetime DEFAULT NULL COMMENT '更新时间',
  PRIMARY KEY (`id`)
) ENGINE=InnoDB AUTO_INCREMENT=1196363443617644547 DEFAULT CHARSET=utf8mb4 COMMENT='登陆日志';

-- ----------------------------
-- Records of sys_login_log
-- ----------------------------
INSERT INTO `sys_login_log` VALUES ('1161909897993818114', '登录日志', '1072429679148908546', '成功', null, '223.104.212.57', '2019-08-15 07:58:02', '2019-08-15 07:58:02');
INSERT INTO `sys_login_log` VALUES ('1161934138113953793', '登录日志', '1072429679148908546', '成功', null, '115.192.111.165', '2019-08-15 09:34:21', '2019-08-15 09:34:21');
INSERT INTO `sys_login_log` VALUES ('1161939995908280322', '登录日志', '1072429679148908546', '成功', null, '220.249.52.58', '2019-08-15 09:57:37', '2019-08-15 09:57:37');
INSERT INTO `sys_login_log` VALUES ('1162159449334255617', '登录日志', '1072429679148908546', '成功', null, '36.7.154.161', '2019-08-16 00:29:39', '2019-08-16 00:29:39');
INSERT INTO `sys_login_log` VALUES ('1162233095637602305', '登录日志', '1072429679148908546', '成功', null, '118.242.26.254', '2019-08-16 05:22:18', '2019-08-16 05:22:18');
INSERT INTO `sys_login_log` VALUES ('1162251827009196033', '登录日志', '1072429679148908546', '成功', null, '183.129.132.226', '2019-08-16 06:36:44', '2019-08-16 06:36:44');
INSERT INTO `sys_login_log` VALUES ('1162269526284210178', '登录日志', '1072429679148908546', '成功', null, '36.5.133.57', '2019-08-16 07:47:04', '2019-08-16 07:47:04');
INSERT INTO `sys_login_log` VALUES ('1162273159998509058', '登录日志', '1072429679148908546', '成功', null, '121.35.129.129', '2019-08-16 08:01:30', '2019-08-16 08:01:30');
INSERT INTO `sys_login_log` VALUES ('1162278919612567553', '登录日志', '1072429679148908546', '成功', null, '221.2.151.4', '2019-08-16 08:24:23', '2019-08-16 08:24:23');
INSERT INTO `sys_login_log` VALUES ('1162365102753484802', '登录日志', '1072429679148908546', '成功', null, '114.242.249.7', '2019-08-16 14:06:51', '2019-08-16 14:06:51');
INSERT INTO `sys_login_log` VALUES ('1162396319515316226', '登录日志', '1072429679148908546', '成功', null, '91.72.173.26', '2019-08-16 16:10:54', '2019-08-16 16:10:54');
INSERT INTO `sys_login_log` VALUES ('1162403093840564225', '登录日志', '1072429679148908546', '成功', null, '218.20.200.57', '2019-08-16 16:37:49', '2019-08-16 16:37:49');
INSERT INTO `sys_login_log` VALUES ('1162403129597005826', '登录日志', '1072429679148908546', '成功', null, '218.20.200.57', '2019-08-16 16:37:57', '2019-08-16 16:37:57');
INSERT INTO `sys_login_log` VALUES ('1162403502634209281', '登录日志', '1072429679148908546', '成功', null, '218.20.200.57', '2019-08-16 16:39:26', '2019-08-16 16:39:26');
INSERT INTO `sys_login_log` VALUES ('1162485511838666753', '登录日志', '1072429679148908546', '成功', null, '113.201.136.227', '2019-08-16 22:05:19', '2019-08-16 22:05:19');
INSERT INTO `sys_login_log` VALUES ('1162493662973562882', '登录日志', '1072429679148908546', '成功', null, '113.201.136.227', '2019-08-16 22:37:42', '2019-08-16 22:37:42');
INSERT INTO `sys_login_log` VALUES ('1162505915756089346', '登录日志', '1072429679148908546', '成功', null, '221.219.106.34', '2019-08-16 23:26:23', '2019-08-16 23:26:23');
INSERT INTO `sys_login_log` VALUES ('1162551160908713986', '登录日志', '1072429679148908546', '成功', null, '223.71.97.4', '2019-08-17 02:26:11', '2019-08-17 02:26:11');
INSERT INTO `sys_login_log` VALUES ('1162613284485894145', '登录日志', '1072429679148908546', '成功', null, '111.201.249.109', '2019-08-17 06:33:02', '2019-08-17 06:33:02');
INSERT INTO `sys_login_log` VALUES ('1162634978466369537', '登录日志', '1072429679148908546', '成功', null, '117.159.17.197', '2019-08-17 07:59:14', '2019-08-17 07:59:14');
INSERT INTO `sys_login_log` VALUES ('1162635168980045826', '登录日志', '1072429679148908546', '成功', null, '117.159.17.197', '2019-08-17 08:00:00', '2019-08-17 08:00:00');
INSERT INTO `sys_login_log` VALUES ('1162654892967235585', '登录日志', '1072429679148908546', '成功', null, '101.88.233.91', '2019-08-17 09:18:22', '2019-08-17 09:18:22');
INSERT INTO `sys_login_log` VALUES ('1162684545337561089', '登录日志', '1072429679148908546', '成功', null, '120.244.111.77', '2019-08-17 11:16:12', '2019-08-17 11:16:12');
INSERT INTO `sys_login_log` VALUES ('1162712421772464130', '登录日志', '1072429679148908546', '成功', null, '223.197.116.5', '2019-08-17 13:06:58', '2019-08-17 13:06:58');
INSERT INTO `sys_login_log` VALUES ('1162715755283648514', '登录日志', '1072429679148908546', '成功', null, '120.244.111.77', '2019-08-17 13:20:13', '2019-08-17 13:20:13');
INSERT INTO `sys_login_log` VALUES ('1162715924989382658', '登录日志', '1072429679148908546', '成功', null, '120.244.111.77', '2019-08-17 13:20:53', '2019-08-17 13:20:53');
INSERT INTO `sys_login_log` VALUES ('1162729584059125761', '登录日志', '1072429679148908546', '成功', null, '120.244.111.77', '2019-08-17 14:15:10', '2019-08-17 14:15:10');
INSERT INTO `sys_login_log` VALUES ('1162729978692800513', '登录日志', '1072429679148908546', '成功', null, '120.244.111.77', '2019-08-17 14:16:44', '2019-08-17 14:16:44');
INSERT INTO `sys_login_log` VALUES ('1162740218817581058', '登录日志', '1072429679148908546', '成功', null, '223.73.120.115', '2019-08-17 14:57:25', '2019-08-17 14:57:25');
INSERT INTO `sys_login_log` VALUES ('1162907942105550849', '登录日志', '1072429679148908546', '成功', null, '223.73.120.115', '2019-08-18 02:03:54', '2019-08-18 02:03:54');
INSERT INTO `sys_login_log` VALUES ('1163025489282895874', '登录日志', '1072429679148908546', '成功', null, '120.244.111.77', '2019-08-18 09:50:59', '2019-08-18 09:50:59');
INSERT INTO `sys_login_log` VALUES ('1163054001553313794', '登录日志', '1072429679148908546', '成功', null, '119.250.173.4', '2019-08-18 11:44:17', '2019-08-18 11:44:17');
INSERT INTO `sys_login_log` VALUES ('1163060543744806913', '登录日志', '1072429679148908546', '成功', null, '114.236.138.114', '2019-08-18 12:10:17', '2019-08-18 12:10:17');
INSERT INTO `sys_login_log` VALUES ('1163076786539368449', '登录日志', '1072429679148908546', '成功', null, '120.85.77.80', '2019-08-18 13:14:49', '2019-08-18 13:14:49');
INSERT INTO `sys_login_log` VALUES ('1163250981374169090', '登录日志', '1072429679148908546', '成功', null, '61.237.228.2', '2019-08-19 00:47:01', '2019-08-19 00:47:01');
INSERT INTO `sys_login_log` VALUES ('1163268994995490817', '登录日志', '1072429679148908546', '成功', null, '221.217.49.123', '2019-08-19 01:58:36', '2019-08-19 01:58:36');
INSERT INTO `sys_login_log` VALUES ('1163275804515143681', '登录日志', '1072429679148908546', '成功', null, '125.71.216.103', '2019-08-19 02:25:39', '2019-08-19 02:25:39');
INSERT INTO `sys_login_log` VALUES ('1163281577647443969', '登录日志', '1072429679148908546', '成功', null, '117.89.17.233', '2019-08-19 02:48:35', '2019-08-19 02:48:35');
INSERT INTO `sys_login_log` VALUES ('1163340174641238017', '登录日志', '1072429679148908546', '成功', null, '221.217.49.123', '2019-08-19 06:41:26', '2019-08-19 06:41:26');
INSERT INTO `sys_login_log` VALUES ('1163340696043556866', '登录日志', '1072429679148908546', '成功', null, '61.51.193.115', '2019-08-19 06:43:30', '2019-08-19 06:43:30');
INSERT INTO `sys_login_log` VALUES ('1163349562407985154', '登录日志', '1072429679148908546', '成功', null, '121.204.50.218', '2019-08-19 07:18:44', '2019-08-19 07:18:44');
INSERT INTO `sys_login_log` VALUES ('1163351393028743170', '登录日志', '1', '成功', null, '121.204.50.218', '2019-08-19 07:26:01', '2019-08-19 07:26:01');
INSERT INTO `sys_login_log` VALUES ('1163367359410278402', '登录日志', '1', '成功', null, '121.204.50.218', '2019-08-19 08:29:27', '2019-08-19 08:29:27');
INSERT INTO `sys_login_log` VALUES ('1163367728123154434', '登录日志', '1072429679148908546', '成功', null, '121.204.50.218', '2019-08-19 08:30:55', '2019-08-19 08:30:55');
INSERT INTO `sys_login_log` VALUES ('1163367881265582081', '登录日志', '1', '成功', null, '121.204.50.218', '2019-08-19 08:31:32', '2019-08-19 08:31:32');
INSERT INTO `sys_login_log` VALUES ('1163377830805983234', '登录日志', '1', '成功', null, '127.0.0.1', '2019-08-19 09:11:04', '2019-08-19 09:11:04');
INSERT INTO `sys_login_log` VALUES ('1163419256703881218', '登录日志', '1072429679148908546', '成功', null, '1.207.113.98', '2019-08-19 11:55:41', '2019-08-19 11:55:41');
INSERT INTO `sys_login_log` VALUES ('1163419775270850561', '登录日志', '1072429679148908546', '成功', null, '1.207.113.98', '2019-08-19 11:57:44', '2019-08-19 11:57:44');
INSERT INTO `sys_login_log` VALUES ('1163635620833181698', '登录日志', '1', '成功', null, '127.0.0.1', '2019-08-20 02:15:26', '2019-08-20 02:15:26');
INSERT INTO `sys_login_log` VALUES ('1163647784151199746', '登录日志', '1', '成功', null, '127.0.0.1', '2019-08-20 03:03:46', '2019-08-20 03:03:46');
INSERT INTO `sys_login_log` VALUES ('1163650736597340161', '登录日志', '1', '成功', null, '127.0.0.1', '2019-08-20 03:15:30', '2019-08-20 03:15:30');
INSERT INTO `sys_login_log` VALUES ('1163716205274492930', '登录日志', '1', '成功', null, '127.0.0.1', '2019-08-20 07:35:39', '2019-08-20 07:35:39');
INSERT INTO `sys_login_log` VALUES ('1163719956328665090', '登录日志', '1', '成功', null, '127.0.0.1', '2019-08-20 07:50:33', '2019-08-20 07:50:33');
INSERT INTO `sys_login_log` VALUES ('1163722628851056641', '登录日志', '1', '成功', null, '127.0.0.1', '2019-08-20 08:01:10', '2019-08-20 08:01:10');
INSERT INTO `sys_login_log` VALUES ('1163723491946573825', '登录日志', '1', '成功', null, '127.0.0.1', '2019-08-20 08:04:36', '2019-08-20 08:04:36');
INSERT INTO `sys_login_log` VALUES ('1164002240311095298', '登录日志', '1', '成功', null, '127.0.0.1', '2019-08-21 02:32:15', '2019-08-21 02:32:15');
INSERT INTO `sys_login_log` VALUES ('1164068160063574017', '登录日志', '1072429679148908546', '成功', null, '110.87.39.6', '2019-08-21 06:54:11', '2019-08-21 06:54:11');
INSERT INTO `sys_login_log` VALUES ('1164069418962948098', '登录日志', '1', '成功', null, '110.87.39.6', '2019-08-21 06:59:12', '2019-08-21 06:59:12');
INSERT INTO `sys_login_log` VALUES ('1164199967899684865', '登录日志', '1072429679148908546', '成功', null, '112.10.160.151', '2019-08-21 15:37:57', '2019-08-21 15:37:57');
INSERT INTO `sys_login_log` VALUES ('1164200327376703489', '登录日志', '1072429679148908546', '成功', null, '112.10.160.151', '2019-08-21 15:39:23', '2019-08-21 15:39:23');
INSERT INTO `sys_login_log` VALUES ('1164240013080039426', '登录日志', '1072429679148908546', '成功', null, '220.165.183.220', '2019-08-21 18:17:04', '2019-08-21 18:17:04');
INSERT INTO `sys_login_log` VALUES ('1164328624236433410', '登录日志', '1072429679148908546', '成功', null, '182.144.176.42', '2019-08-22 00:09:11', '2019-08-22 00:09:11');
INSERT INTO `sys_login_log` VALUES ('1164376092701585410', '登录日志', '1072429679148908546', '成功', null, '113.77.192.252', '2019-08-22 03:17:48', '2019-08-22 03:17:48');
INSERT INTO `sys_login_log` VALUES ('1164378818474897409', '登录日志', '1', '成功', null, '27.156.25.250', '2019-08-22 03:28:38', '2019-08-22 03:28:38');
INSERT INTO `sys_login_log` VALUES ('1164383322435973122', '登录日志', '1', '成功', null, '27.156.25.250', '2019-08-22 03:46:32', '2019-08-22 03:46:32');
INSERT INTO `sys_login_log` VALUES ('1164403183849533441', '登录日志', '1072429679148908546', '成功', null, '60.174.249.202', '2019-08-22 05:05:27', '2019-08-22 05:05:27');
INSERT INTO `sys_login_log` VALUES ('1164416105824874497', '登录日志', '1072429679148908546', '成功', null, '115.192.196.75', '2019-08-22 05:56:48', '2019-08-22 05:56:48');
INSERT INTO `sys_login_log` VALUES ('1164438394802122753', '登录日志', '1', '成功', null, '127.0.0.1', '2019-08-22 07:25:22', '2019-08-22 07:25:22');
INSERT INTO `sys_login_log` VALUES ('1164455056166023169', '登录日志', '1', '成功', null, '27.156.25.250', '2019-08-22 08:31:35', '2019-08-22 08:31:35');
INSERT INTO `sys_login_log` VALUES ('1164459270061617153', '登录日志', '1072429679148908546', '成功', null, '113.68.66.142', '2019-08-22 08:48:19', '2019-08-22 08:48:19');
INSERT INTO `sys_login_log` VALUES ('1164465054698893314', '登录日志', '1072429679148908546', '成功', null, '1.119.5.162', '2019-08-22 09:11:18', '2019-08-22 09:11:18');
INSERT INTO `sys_login_log` VALUES ('1164471065555955713', '登录日志', '1072429679148908546', '成功', null, '113.88.161.215', '2019-08-22 09:35:12', '2019-08-22 09:35:12');
INSERT INTO `sys_login_log` VALUES ('1164471224419414018', '登录日志', '1072429679148908546', '成功', null, '113.88.161.215', '2019-08-22 09:35:49', '2019-08-22 09:35:49');
INSERT INTO `sys_login_log` VALUES ('1164472741402701825', '登录日志', '1072429679148908546', '成功', null, '183.62.6.148', '2019-08-22 09:41:51', '2019-08-22 09:41:51');
INSERT INTO `sys_login_log` VALUES ('1164495384554172418', '登录日志', '1072429679148908546', '成功', null, '220.248.243.122', '2019-08-22 11:11:50', '2019-08-22 11:11:50');
INSERT INTO `sys_login_log` VALUES ('1164495504851005441', '登录日志', '1072429679148908546', '成功', null, '220.248.243.122', '2019-08-22 11:12:18', '2019-08-22 11:12:18');
INSERT INTO `sys_login_log` VALUES ('1164503943685795841', '登录日志', '1072429679148908546', '成功', null, '175.189.13.101', '2019-08-22 11:45:50', '2019-08-22 11:45:50');
INSERT INTO `sys_login_log` VALUES ('1164516834258382849', '登录日志', '1072429679148908546', '成功', null, '220.248.243.122', '2019-08-22 12:37:04', '2019-08-22 12:37:04');
INSERT INTO `sys_login_log` VALUES ('1164557715988475905', '登录日志', '1072429679148908546', '成功', null, '59.42.97.190', '2019-08-22 15:19:31', '2019-08-22 15:19:31');
INSERT INTO `sys_login_log` VALUES ('1164678777564753922', '登录日志', '1072429679148908546', '成功', null, '171.210.198.201', '2019-08-22 23:20:34', '2019-08-22 23:20:34');
INSERT INTO `sys_login_log` VALUES ('1164769713896484865', '登录日志', '1072429679148908546', '成功', null, '123.172.50.108', '2019-08-23 05:21:55', '2019-08-23 05:21:55');
INSERT INTO `sys_login_log` VALUES ('1164781442785275906', '登录日志', '1072429679148908546', '成功', null, '117.185.36.177', '2019-08-23 06:08:31', '2019-08-23 06:08:31');
INSERT INTO `sys_login_log` VALUES ('1164786103978225666', '登录日志', '1072429679148908546', '成功', null, '210.12.126.4', '2019-08-23 06:27:03', '2019-08-23 06:27:03');
INSERT INTO `sys_login_log` VALUES ('1164838403568496641', '登录日志', '1072429679148908546', '成功', null, '117.136.38.151', '2019-08-23 09:54:52', '2019-08-23 09:54:52');
INSERT INTO `sys_login_log` VALUES ('1164838481263783937', '登录日志', '1072429679148908546', '成功', null, '117.136.38.151', '2019-08-23 09:55:10', '2019-08-23 09:55:10');
INSERT INTO `sys_login_log` VALUES ('1164903090259685378', '登录日志', '1072429679148908546', '成功', null, '221.177.253.30', '2019-08-23 14:11:54', '2019-08-23 14:11:54');
INSERT INTO `sys_login_log` VALUES ('1164909058196434946', '登录日志', '1072429679148908546', '成功', null, '49.94.174.5', '2019-08-23 14:35:37', '2019-08-23 14:35:37');
INSERT INTO `sys_login_log` VALUES ('1164909224471228418', '登录日志', '1072429679148908546', '成功', null, '49.94.174.5', '2019-08-23 14:36:17', '2019-08-23 14:36:17');
INSERT INTO `sys_login_log` VALUES ('1164909317119209474', '登录日志', '1072429679148908546', '成功', null, '49.94.174.5', '2019-08-23 14:36:39', '2019-08-23 14:36:39');
INSERT INTO `sys_login_log` VALUES ('1164949176705806338', '登录日志', '1072429679148908546', '成功', null, '120.244.41.84', '2019-08-23 17:15:02', '2019-08-23 17:15:02');
INSERT INTO `sys_login_log` VALUES ('1165116927697154050', '登录日志', '1072429679148908546', '成功', null, '115.200.225.195', '2019-08-24 04:21:37', '2019-08-24 04:21:37');
INSERT INTO `sys_login_log` VALUES ('1165136691148550145', '登录日志', '1072429679148908546', '成功', null, '223.104.212.242', '2019-08-24 05:40:09', '2019-08-24 05:40:09');
INSERT INTO `sys_login_log` VALUES ('1165239204115836930', '登录日志', '1072429679148908546', '成功', null, '112.10.77.40', '2019-08-24 12:27:30', '2019-08-24 12:27:30');
INSERT INTO `sys_login_log` VALUES ('1165240178205192193', '登录日志', '1072429679148908546', '成功', null, '112.10.77.40', '2019-08-24 12:31:22', '2019-08-24 12:31:22');
INSERT INTO `sys_login_log` VALUES ('1165294728882614274', '登录日志', '1072429679148908546', '成功', null, '27.189.223.71', '2019-08-24 16:08:08', '2019-08-24 16:08:08');
INSERT INTO `sys_login_log` VALUES ('1165296063497564162', '登录日志', '1072429679148908546', '成功', null, '27.189.223.71', '2019-08-24 16:13:26', '2019-08-24 16:13:26');
INSERT INTO `sys_login_log` VALUES ('1165301171325169665', '登录日志', '1072429679148908546', '成功', null, '27.189.223.71', '2019-08-24 16:33:44', '2019-08-24 16:33:44');
INSERT INTO `sys_login_log` VALUES ('1165428980223766530', '登录日志', '1072429679148908546', '成功', null, '106.19.219.235', '2019-08-25 01:01:36', '2019-08-25 01:01:36');
INSERT INTO `sys_login_log` VALUES ('1165440375526977537', '登录日志', '1072429679148908546', '成功', null, '27.189.223.71', '2019-08-25 01:46:53', '2019-08-25 01:46:53');
INSERT INTO `sys_login_log` VALUES ('1165496871438708738', '登录日志', '1072429679148908546', '成功', null, '49.94.88.182', '2019-08-25 05:31:23', '2019-08-25 05:31:23');
INSERT INTO `sys_login_log` VALUES ('1165498265361117186', '登录日志', '1072429679148908546', '成功', null, '49.94.88.182', '2019-08-25 05:36:55', '2019-08-25 05:36:55');
INSERT INTO `sys_login_log` VALUES ('1165655513194491906', '登录日志', '1072429679148908546', '成功', null, '183.192.42.24', '2019-08-25 16:01:46', '2019-08-25 16:01:46');
INSERT INTO `sys_login_log` VALUES ('1165818594457481217', '登录日志', '1072429679148908546', '成功', null, '223.104.3.61', '2019-08-26 02:49:47', '2019-08-26 02:49:47');
INSERT INTO `sys_login_log` VALUES ('1166177813643849730', '登录日志', '1072429679148908546', '成功', null, '211.139.95.71', '2019-08-27 02:37:12', '2019-08-27 02:37:12');
INSERT INTO `sys_login_log` VALUES ('1166195251848605697', '登录日志', '1072429679148908546', '成功', null, '183.67.56.82', '2019-08-27 03:46:30', '2019-08-27 03:46:30');
INSERT INTO `sys_login_log` VALUES ('1166227031465062402', '登录日志', '1072429679148908546', '成功', null, '117.147.16.30', '2019-08-27 05:52:46', '2019-08-27 05:52:46');
INSERT INTO `sys_login_log` VALUES ('1166247898878242817', '登录日志', '1072429679148908546', '成功', null, '210.13.127.88', '2019-08-27 07:15:42', '2019-08-27 07:15:42');
INSERT INTO `sys_login_log` VALUES ('1166643800415596546', '登录日志', '1072429679148908546', '成功', null, '218.17.162.223', '2019-08-28 09:28:52', '2019-08-28 09:28:52');
INSERT INTO `sys_login_log` VALUES ('1166756375132303362', '登录日志', '1072429679148908546', '成功', null, '49.7.4.84', '2019-08-28 16:56:12', '2019-08-28 16:56:12');
INSERT INTO `sys_login_log` VALUES ('1166756459907575810', '登录日志', '1072429679148908546', '成功', null, '49.7.4.84', '2019-08-28 16:56:32', '2019-08-28 16:56:32');
INSERT INTO `sys_login_log` VALUES ('1166756574277857282', '登录日志', '1072429679148908546', '成功', null, '221.12.166.104', '2019-08-28 16:56:59', '2019-08-28 16:56:59');
INSERT INTO `sys_login_log` VALUES ('1166877040267161601', '登录日志', '1072429679148908546', '成功', null, '14.221.166.35', '2019-08-29 00:55:41', '2019-08-29 00:55:41');
INSERT INTO `sys_login_log` VALUES ('1166952687534534658', '登录日志', '1072429679148908546', '成功', null, '103.78.130.82', '2019-08-29 05:56:16', '2019-08-29 05:56:16');
INSERT INTO `sys_login_log` VALUES ('1166957173317496834', '登录日志', '1072429679148908546', '成功', null, '111.194.242.165', '2019-08-29 06:14:06', '2019-08-29 06:14:06');
INSERT INTO `sys_login_log` VALUES ('1167076934047166466', '登录日志', '1072429679148908546', '成功', null, '119.86.73.230', '2019-08-29 14:09:59', '2019-08-29 14:09:59');
INSERT INTO `sys_login_log` VALUES ('1167265646706094082', '登录日志', '1072429679148908546', '成功', null, '101.254.237.138', '2019-08-30 02:39:52', '2019-08-30 02:39:52');
INSERT INTO `sys_login_log` VALUES ('1167331559258124290', '登录日志', '1072429679148908546', '成功', null, '101.254.237.138', '2019-08-30 07:01:46', '2019-08-30 07:01:46');
INSERT INTO `sys_login_log` VALUES ('1167340462205235201', '登录日志', '1072429679148908546', '成功', null, '110.184.66.27', '2019-08-30 07:37:09', '2019-08-30 07:37:09');
INSERT INTO `sys_login_log` VALUES ('1167340636637949953', '登录日志', '1072429679148908546', '成功', null, '110.184.66.27', '2019-08-30 07:37:51', '2019-08-30 07:37:51');
INSERT INTO `sys_login_log` VALUES ('1167341276781015041', '登录日志', '1072429679148908546', '成功', null, '101.254.237.138', '2019-08-30 07:40:23', '2019-08-30 07:40:23');
INSERT INTO `sys_login_log` VALUES ('1167343329511141378', '登录日志', '1072429679148908546', '成功', null, '222.93.22.26', '2019-08-30 07:48:33', '2019-08-30 07:48:33');
INSERT INTO `sys_login_log` VALUES ('1167344514242637826', '登录日志', '1072429679148908546', '成功', null, '101.254.237.138', '2019-08-30 07:53:15', '2019-08-30 07:53:15');
INSERT INTO `sys_login_log` VALUES ('1167352264339156993', '登录日志', '1072429679148908546', '成功', null, '27.156.26.246', '2019-08-30 08:24:03', '2019-08-30 08:24:03');
INSERT INTO `sys_login_log` VALUES ('1167399547021721602', '登录日志', '1072429679148908546', '成功', null, '115.63.127.158', '2019-08-30 11:31:56', '2019-08-30 11:31:56');
INSERT INTO `sys_login_log` VALUES ('1167674087329136642', '登录日志', '1072429679148908546', '成功', null, '123.15.57.171', '2019-08-31 05:42:51', '2019-08-31 05:42:51');
INSERT INTO `sys_login_log` VALUES ('1167751501145079809', '登录日志', '1072429679148908546', '成功', null, '124.200.144.178', '2019-08-31 10:50:28', '2019-08-31 10:50:28');
INSERT INTO `sys_login_log` VALUES ('1167777586507317250', '登录日志', '1072429679148908546', '成功', null, '39.128.38.2', '2019-08-31 12:34:08', '2019-08-31 12:34:08');
INSERT INTO `sys_login_log` VALUES ('1167778728062648322', '登录日志', '1072429679148908546', '成功', null, '39.128.38.2', '2019-08-31 12:38:40', '2019-08-31 12:38:40');
INSERT INTO `sys_login_log` VALUES ('1167781404196372481', '登录日志', '1072429679148908546', '成功', null, '39.128.38.2', '2019-08-31 12:49:18', '2019-08-31 12:49:18');
INSERT INTO `sys_login_log` VALUES ('1167788355223453697', '登录日志', '1072429679148908546', '成功', null, '39.128.38.2', '2019-08-31 13:16:55', '2019-08-31 13:16:55');
INSERT INTO `sys_login_log` VALUES ('1167995700490698754', '登录日志', '1072429679148908546', '成功', null, '112.49.235.213', '2019-09-01 03:00:50', '2019-09-01 03:00:50');
INSERT INTO `sys_login_log` VALUES ('1168327748661182465', '登录日志', '1072429679148908546', '成功', null, '211.139.95.71', '2019-09-02 01:00:16', '2019-09-02 01:00:16');
INSERT INTO `sys_login_log` VALUES ('1168337982691639297', '登录日志', '1', '成功', null, '27.156.26.246', '2019-09-02 01:40:56', '2019-09-02 01:40:56');
INSERT INTO `sys_login_log` VALUES ('1184023460016328706', '登录日志', '1', '成功', null, '127.0.0.1', '2019-10-15 08:29:26', '2019-10-15 08:29:26');
INSERT INTO `sys_login_log` VALUES ('1184037635782381570', '登录日志', '1072429679148908546', '成功', null, '127.0.0.1', '2019-10-15 09:25:45', '2019-10-15 09:25:45');
INSERT INTO `sys_login_log` VALUES ('1184039480792657921', '登录日志', '1072429679148908546', '成功', null, '220.160.2.89', '2019-10-15 09:33:05', '2019-10-15 09:33:05');
INSERT INTO `sys_login_log` VALUES ('1184040175637835778', '登录日志', '1072429679148908546', '成功', null, '220.160.2.89', '2019-10-15 09:35:51', '2019-10-15 09:35:51');
INSERT INTO `sys_login_log` VALUES ('1184040243870773249', '登录日志', '1', '成功', null, '220.160.2.89', '2019-10-15 09:36:07', '2019-10-15 09:36:07');
INSERT INTO `sys_login_log` VALUES ('1184040325416431618', '登录日志', '1072429679148908546', '成功', null, '220.160.2.89', '2019-10-15 09:36:27', '2019-10-15 09:36:27');
INSERT INTO `sys_login_log` VALUES ('1184045707601850370', '登录日志', '1072429679148908546', '成功', null, '121.13.43.179', '2019-10-15 09:57:50', '2019-10-15 09:57:50');
INSERT INTO `sys_login_log` VALUES ('1184046915804672002', '登录日志', '1072429679148908546', '成功', null, '121.13.43.179', '2019-10-15 10:02:38', '2019-10-15 10:02:38');
INSERT INTO `sys_login_log` VALUES ('1184065661688557569', '登录日志', '1072429679148908546', '成功', null, '45.127.187.240', '2019-10-15 11:17:07', '2019-10-15 11:17:07');
INSERT INTO `sys_login_log` VALUES ('1184288663411830785', '登录日志', '1072429679148908546', '成功', null, '27.156.26.24', '2019-10-16 02:03:15', '2019-10-16 02:03:15');
INSERT INTO `sys_login_log` VALUES ('1184475303816146945', '登录日志', '1072429679148908546', '成功', null, '183.255.41.24', '2019-10-16 14:24:54', '2019-10-16 14:24:54');
INSERT INTO `sys_login_log` VALUES ('1184646739394506754', '登录日志', '1072429679148908546', '成功', null, '118.186.228.195', '2019-10-17 01:46:07', '2019-10-17 01:46:07');
INSERT INTO `sys_login_log` VALUES ('1184659265599516673', '登录日志', '1072429679148908546', '成功', null, '183.51.123.185', '2019-10-17 02:35:53', '2019-10-17 02:35:53');
INSERT INTO `sys_login_log` VALUES ('1184667686872756225', '登录日志', '1072429679148908546', '成功', null, '183.51.123.185', '2019-10-17 03:09:21', '2019-10-17 03:09:21');
INSERT INTO `sys_login_log` VALUES ('1185105141954457602', '登录日志', '1072429679148908546', '成功', null, '61.135.24.246', '2019-10-18 08:07:39', '2019-10-18 08:07:39');
INSERT INTO `sys_login_log` VALUES ('1185137719122014210', '登录日志', '1072429679148908546', '成功', null, '112.32.8.167', '2019-10-18 10:17:06', '2019-10-18 10:17:06');
INSERT INTO `sys_login_log` VALUES ('1185398433665462273', '登录日志', '1072429679148908546', '成功', null, '112.32.34.166', '2019-10-19 03:33:05', '2019-10-19 03:33:05');
INSERT INTO `sys_login_log` VALUES ('1185517088759820290', '登录日志', '1072429679148908546', '成功', null, '125.33.216.32', '2019-10-19 11:24:34', '2019-10-19 11:24:34');
INSERT INTO `sys_login_log` VALUES ('1185766696109391873', '登录日志', '1072429679148908546', '成功', null, '127.0.0.1', '2019-10-20 03:56:25', '2019-10-20 03:56:25');
INSERT INTO `sys_login_log` VALUES ('1185838325591650306', '登录日志', '1072429679148908546', '成功', null, '121.13.43.10', '2019-10-20 08:41:03', '2019-10-20 08:41:03');
INSERT INTO `sys_login_log` VALUES ('1186074963232108545', '登录日志', '1072429679148908546', '成功', null, '36.7.87.91', '2019-10-21 00:21:22', '2019-10-21 00:21:22');
INSERT INTO `sys_login_log` VALUES ('1186118066525646849', '登录日志', '1072429679148908546', '成功', null, '223.104.49.144', '2019-10-21 03:12:39', '2019-10-21 03:12:39');
INSERT INTO `sys_login_log` VALUES ('1186199034854846465', '登录日志', '1072429679148908546', '成功', null, '120.197.222.165', '2019-10-21 08:34:23', '2019-10-21 08:34:23');
INSERT INTO `sys_login_log` VALUES ('1186209824873852929', '登录日志', '1072429679148908546', '成功', null, '121.204.51.166', '2019-10-21 09:17:16', '2019-10-21 09:17:16');
INSERT INTO `sys_login_log` VALUES ('1186218906192130049', '登录日志', '1072429679148908546', '成功', null, '111.36.138.31', '2019-10-21 09:53:21', '2019-10-21 09:53:21');
INSERT INTO `sys_login_log` VALUES ('1186449424397578241', '登录日志', '1072429679148908546', '成功', null, '14.23.122.34', '2019-10-22 01:09:21', '2019-10-22 01:09:21');
INSERT INTO `sys_login_log` VALUES ('1186450390555504642', '登录日志', '1072429679148908546', '成功', null, '14.23.122.34', '2019-10-22 01:13:11', '2019-10-22 01:13:11');
INSERT INTO `sys_login_log` VALUES ('1186458536862756865', '登录日志', '1072429679148908546', '成功', null, '36.248.247.254', '2019-10-22 01:45:33', '2019-10-22 01:45:33');
INSERT INTO `sys_login_log` VALUES ('1186513239273320450', '登录日志', '1072429679148908546', '成功', null, '14.23.122.34', '2019-10-22 05:22:55', '2019-10-22 05:22:55');
INSERT INTO `sys_login_log` VALUES ('1186529404653613057', '登录日志', '1072429679148908546', '成功', null, '171.8.173.42', '2019-10-22 06:27:09', '2019-10-22 06:27:09');
INSERT INTO `sys_login_log` VALUES ('1186571580687200258', '登录日志', '1072429679148908546', '成功', null, '115.171.120.96', '2019-10-22 09:14:45', '2019-10-22 09:14:45');
INSERT INTO `sys_login_log` VALUES ('1186571842197860354', '登录日志', '1072429679148908546', '成功', null, '221.219.159.16', '2019-10-22 09:15:47', '2019-10-22 09:15:47');
INSERT INTO `sys_login_log` VALUES ('1186571857393823746', '登录日志', '1072429679148908546', '成功', null, '221.219.159.16', '2019-10-22 09:15:51', '2019-10-22 09:15:51');
INSERT INTO `sys_login_log` VALUES ('1186575297469689857', '登录日志', '1072429679148908546', '成功', null, '117.158.4.243', '2019-10-22 09:29:31', '2019-10-22 09:29:31');
INSERT INTO `sys_login_log` VALUES ('1186575742829277186', '登录日志', '1072429679148908546', '成功', null, '115.171.120.96', '2019-10-22 09:31:17', '2019-10-22 09:31:17');
INSERT INTO `sys_login_log` VALUES ('1187286806097244162', '登录日志', '1', '成功', null, '121.204.59.24', '2019-10-24 08:36:48', '2019-10-24 08:36:48');
INSERT INTO `sys_login_log` VALUES ('1187288424694382594', '登录日志', '1', '成功', null, '127.0.0.1', '2019-10-24 08:43:14', '2019-10-24 08:43:14');
INSERT INTO `sys_login_log` VALUES ('1187302979752898561', '登录日志', '1072429679148908546', '成功', null, '153.37.175.10', '2019-10-24 09:41:04', '2019-10-24 09:41:04');
INSERT INTO `sys_login_log` VALUES ('1187351248675745793', '登录日志', '1072429679148908546', '成功', null, '223.104.240.171', '2019-10-24 12:52:52', '2019-10-24 12:52:52');
INSERT INTO `sys_login_log` VALUES ('1187908350838255617', '登录日志', '1072429679148908546', '成功', null, '183.194.175.69', '2019-10-26 01:46:36', '2019-10-26 01:46:36');
INSERT INTO `sys_login_log` VALUES ('1187909283232034818', '登录日志', '1072429679148908546', '成功', null, '183.194.175.69', '2019-10-26 01:50:18', '2019-10-26 01:50:18');
INSERT INTO `sys_login_log` VALUES ('1187934114518347778', '登录日志', '1072429679148908546', '成功', null, '114.222.222.199', '2019-10-26 03:28:58', '2019-10-26 03:28:58');
INSERT INTO `sys_login_log` VALUES ('1188018547919863809', '登录日志', '1', '成功', null, '127.0.0.1', '2019-10-26 09:04:29', '2019-10-26 09:04:29');
INSERT INTO `sys_login_log` VALUES ('1188328012835139586', '登录日志', '1072429679148908546', '成功', null, '27.19.127.233', '2019-10-27 05:34:11', '2019-10-27 05:34:11');
INSERT INTO `sys_login_log` VALUES ('1188447097160429569', '登录日志', '1', '成功', null, '127.0.0.1', '2019-10-27 13:27:23', '2019-10-27 13:27:23');
INSERT INTO `sys_login_log` VALUES ('1188449282124386306', '登录日志', '1072429679148908546', '成功', null, '127.0.0.1', '2019-10-27 13:36:04', '2019-10-27 13:36:04');
INSERT INTO `sys_login_log` VALUES ('1188449991569891330', '登录日志', '1072429679148908546', '成功', null, '127.0.0.1', '2019-10-27 13:38:53', '2019-10-27 13:38:53');
INSERT INTO `sys_login_log` VALUES ('1194558213657645057', '登录日志', '1072429679148908546', '成功', null, '127.0.0.1', '2019-11-13 10:10:47', '2019-11-13 10:10:47');
INSERT INTO `sys_login_log` VALUES ('1194558244552888321', '登录日志', '1', '成功', null, '127.0.0.1', '2019-11-13 10:10:54', '2019-11-13 10:10:54');
INSERT INTO `sys_login_log` VALUES ('1196358238675124225', '登录日志', '1', '成功', null, '127.0.0.1', '2019-11-18 09:23:26', '2019-11-18 09:23:26');
INSERT INTO `sys_login_log` VALUES ('1196363443617644546', '登录日志', '1', '成功', null, '127.0.0.1', '2019-11-18 09:44:07', '2019-11-18 09:44:07');

-- ----------------------------
-- Table structure for sys_menu
-- ----------------------------
DROP TABLE IF EXISTS `sys_menu`;
CREATE TABLE `sys_menu` (
  `id` bigint(20) NOT NULL,
  `parent_id` bigint(20) DEFAULT NULL COMMENT '父菜单ID，一级菜单为0',
  `name` varchar(50) DEFAULT NULL COMMENT '菜单名称',
  `url` varchar(200) DEFAULT NULL COMMENT '菜单URL',
  `perms` varchar(500) DEFAULT NULL COMMENT '授权(多个用逗号分隔，如：user:list,user:create)',
  `type` int(11) DEFAULT NULL COMMENT '类型   0：目录   1：菜单   2：按钮',
  `icon` varchar(50) DEFAULT NULL COMMENT '菜单图标',
  `order_num` int(11) DEFAULT NULL COMMENT '排序',
  `create_by` bigint(20) DEFAULT NULL,
  `update_by` bigint(20) DEFAULT NULL,
  `create_time` datetime DEFAULT NULL,
  `update_time` datetime DEFAULT NULL,
  `del_flag` tinyint(1) DEFAULT NULL,
  PRIMARY KEY (`id`)
) ENGINE=InnoDB DEFAULT CHARSET=utf8 COMMENT='菜单管理';

-- ----------------------------
-- Records of sys_menu
-- ----------------------------
INSERT INTO `sys_menu` VALUES ('1', '0', '系统首页', '/dashboard', 'sys:dashboard:info', '1', 'el-icon-star-on', '0', '1', '1', '2018-12-06 14:54:07', '2019-07-24 03:18:12', '0');
INSERT INTO `sys_menu` VALUES ('15', '0', '系统管理', '/sys', null, '0', 'el-icon-setting', '1', '1', '1', '2018-12-10 17:52:34', '2019-07-24 03:18:23', '0');
INSERT INTO `sys_menu` VALUES ('16', '15', '用户管理', '/sysuser', '', '1', '', '16', '1', '1', '2018-12-10 18:28:59', '2019-11-18 09:23:48', '0');
INSERT INTO `sys_menu` VALUES ('17', '15', '角色管理', '/sysrole', '', '1', '', '17', '1', '1', '2018-12-10 18:35:34', '2019-11-18 09:42:44', '0');
INSERT INTO `sys_menu` VALUES ('18', '15', '菜单管理', '/sysmenu', '', '1', '', '18', '1', '1', '2018-12-10 18:36:16', '2019-11-18 10:07:28', '0');
INSERT INTO `sys_menu` VALUES ('19', '15', '部门管理', '/sysdept', '', '1', '', '19', '1', '1', '2018-12-10 18:37:20', '2019-11-18 10:10:38', '0');
INSERT INTO `sys_menu` VALUES ('21', '15', '定时任务', '/schedulejob', '', '1', '', '21', '1', '1', '2018-12-10 18:39:14', '2019-11-18 10:10:24', '0');
INSERT INTO `sys_menu` VALUES ('1080412372541181953', '16', '新增', '/sysuser/add', 'sys:user:add', '2', null, '1', null, null, '2019-01-02 10:35:57', '2019-05-31 09:38:25', '0');
INSERT INTO `sys_menu` VALUES ('1080413095496585218', '16', '删除', '/sysuser/del', 'sys:user:del', '2', null, '2', null, null, '2019-01-02 10:38:50', '2019-04-15 07:21:36', '0');
INSERT INTO `sys_menu` VALUES ('1080636440926232577', '16', '重置密码', '/sysuser/reset/password', 'sys:user:resetPassword', '2', null, '3', null, null, '2019-01-03 01:26:19', '2019-04-15 07:21:46', '0');
INSERT INTO `sys_menu` VALUES ('1080636634896015362', '16', '修改密码', '/sysuser/change/password', 'sys:user:changePassword', '2', null, '4', null, null, '2019-01-03 01:27:06', '2019-04-15 07:21:52', '0');
INSERT INTO `sys_menu` VALUES ('1080637598663188481', '17', '新增', '/sysrole/add', 'sys:role:add', '2', null, '1', null, null, '2019-01-03 01:30:55', '2019-05-31 09:51:21', '0');
INSERT INTO `sys_menu` VALUES ('1080637823859564545', '17', '删除', '/sysrole/del', 'sys:role:del', '2', null, '2', null, null, '2019-01-03 01:31:49', '2019-04-15 07:22:21', '0');
INSERT INTO `sys_menu` VALUES ('1080638043456544769', '17', '权限配置', '/sysrole/configPerm', 'sys:role:configPerm', '2', null, '4', null, null, '2019-01-03 01:32:42', '2019-05-31 09:52:38', '0');
INSERT INTO `sys_menu` VALUES ('1080639293405274114', '18', '新增', '/sysmenu/add', 'sys:menu:add', '2', null, '1', null, null, '2019-01-03 01:37:40', '2019-05-31 09:55:33', '0');
INSERT INTO `sys_menu` VALUES ('1080639432148656130', '18', '删除', '/sysmenu/del', 'sys:menu:del', '2', null, '2', null, null, '2019-01-03 01:38:13', '2019-05-31 10:00:16', '0');
INSERT INTO `sys_menu` VALUES ('1080639863587348482', '19', '新增', '/sysdept/add', 'sys:dept:add', '2', null, '1', null, null, '2019-01-03 01:39:55', '2019-05-31 10:10:19', '0');
INSERT INTO `sys_menu` VALUES ('1080640119691550722', '19', '删除', '/sysdept/del', 'sys:dept:del', '2', null, '2', null, null, '2019-01-03 01:40:57', '2019-04-15 07:23:07', '0');
INSERT INTO `sys_menu` VALUES ('1080640228772814849', '19', '修改', '/sysdept/edit', 'sys:dept:edit', '2', null, '3', null, null, '2019-01-03 01:41:23', '2019-05-31 10:09:12', '0');
INSERT INTO `sys_menu` VALUES ('1080640763785650177', '21', '新增', '/schedule/add', 'sys:schedule:add', '2', null, '1', null, null, '2019-01-03 01:43:30', '2019-05-31 09:07:38', '0');
INSERT INTO `sys_menu` VALUES ('1080640900176027650', '21', '修改', '/schedule/edit', 'sys:schedule:edit', '2', null, '2', null, null, '2019-01-03 01:44:03', '2019-05-31 09:10:53', '0');
INSERT INTO `sys_menu` VALUES ('1080641066287243266', '21', '删除', '/schedule/del', 'sys:schedule:del', '2', null, '3', null, null, '2019-01-03 01:44:42', '2019-04-15 07:23:44', '0');
INSERT INTO `sys_menu` VALUES ('1116603445676101634', '15', '登陆日志', '/loginlog', '', '1', '', '22', null, null, '2019-04-12 07:26:22', '2019-11-18 10:11:27', '0');
INSERT INTO `sys_menu` VALUES ('1116613754159702018', '15', '业务日志', '/operationlog', '', '1', '', '23', null, null, '2019-04-12 08:07:19', '2019-11-18 10:13:03', '0');
INSERT INTO `sys_menu` VALUES ('1116961835054452737', '15', '字典管理', '/sysdict', '', '1', '', '24', null, null, '2019-04-13 07:10:28', '2019-11-18 10:13:13', '0');
INSERT INTO `sys_menu` VALUES ('1117688867416195074', '1116961835054452737', '新增', '/sysdict/add', 'sys:dict:add', '2', null, '1', null, null, '2019-04-15 07:19:26', '2019-05-31 10:15:40', '0');
INSERT INTO `sys_menu` VALUES ('1117689069371932674', '1116961835054452737', '删除', '/sysdict/delete', 'sys:dict:del', '2', null, '2', null, null, '2019-04-15 07:20:14', '2019-04-15 07:24:16', '0');
INSERT INTO `sys_menu` VALUES ('1117690423326818305', '1116603445676101634', '清空日志', '/sysloginLog/clear', 'sys:loginLog:clear', '2', null, '1', null, null, '2019-04-15 07:25:37', '2019-04-15 07:25:37', '0');
INSERT INTO `sys_menu` VALUES ('1117690805209808898', '1116613754159702018', '清空日志', '/sysoperationLog/clear', 'sys:operationLog:clear', '2', null, '2', null, null, '2019-04-15 07:27:08', '2019-04-15 07:27:08', '0');
INSERT INTO `sys_menu` VALUES ('1134386963948847105', '21', '运行一次', '/schedule/run', 'sys:schedule:run', '2', null, '4', null, null, '2019-05-31 09:11:43', '2019-05-31 09:11:43', '0');
INSERT INTO `sys_menu` VALUES ('1134387182992179202', '21', '停止', '/schedule/pause', 'sys:schedule:pause', '2', null, '5', null, null, '2019-05-31 09:12:35', '2019-05-31 09:12:35', '0');
INSERT INTO `sys_menu` VALUES ('1134387322570227714', '21', '恢复', '/schedule/resume', 'sys:schedule:resume', '2', null, '6', null, null, '2019-05-31 09:13:08', '2019-05-31 09:13:08', '0');
INSERT INTO `sys_menu` VALUES ('1134393918364925954', '16', '修改', '/sysuser/edit', 'sys:user:edit', '2', null, '3', null, null, '2019-05-31 09:39:21', '2019-05-31 09:39:21', '0');
INSERT INTO `sys_menu` VALUES ('1134397077300789249', '17', '编辑', '/sysrole/edit', 'sys:role:edit', '2', null, '3', null, null, '2019-05-31 09:51:54', '2019-05-31 09:51:54', '0');
INSERT INTO `sys_menu` VALUES ('1134398704145481730', '18', '修改', '/sysmenu/edit', 'sys:menu:edit', '2', null, '3', null, null, '2019-05-31 09:58:22', '2019-05-31 09:58:22', '0');
INSERT INTO `sys_menu` VALUES ('1134403202943369217', '1116961835054452737', '修改', '/sysdict/edit', 'sys:dict:edit', '2', null, '3', null, null, '2019-05-31 10:16:14', '2019-05-31 10:16:14', '0');
INSERT INTO `sys_menu` VALUES ('1134405857598062594', '16', '清除缓存', '/sysuser/clearCache', 'sys:user:clearCache', '2', null, '6', null, null, '2019-05-31 10:26:47', '2019-05-31 10:26:47', '0');
INSERT INTO `sys_menu` VALUES ('1135836344682065921', '0', '博客管理', '/blog', null, '0', 'el-icon-menu', '2', null, null, '2019-06-04 09:11:02', '2019-08-13 07:51:12', '0');
INSERT INTO `sys_menu` VALUES ('1135837162231607298', '1135836344682065921', '文章管理', '/article', '', '1', 'el-icon-notebook-1', '1', null, null, '2019-06-04 09:14:17', '2019-11-18 10:16:28', '0');
INSERT INTO `sys_menu` VALUES ('1161477550438887426', '1135836344682065921', '文章分类', '/article/category', '', '1', 'el-icon-s-flag', '2', null, null, '2019-08-14 03:20:02', '2019-11-18 10:17:14', '0');
INSERT INTO `sys_menu` VALUES ('1184031594491449345', '17', '导出', '/sys/role/export', 'sys:role:export', '2', 'el-icon-download', '10', null, null, '2019-10-15 09:01:45', '2019-10-15 09:01:45', '0');
INSERT INTO `sys_menu` VALUES ('1184035370040332290', '1161477550438887426', '新增/修改', '/blog/articlecategory/save', 'blog:category:save', '2', '', '1', null, null, '2019-10-15 09:16:45', '2019-10-15 09:18:35', '0');
INSERT INTO `sys_menu` VALUES ('1184036170217066497', '1161477550438887426', '删除', '/blog/articlecategory/delete', 'blog:category:del', '2', null, '2', null, null, '2019-10-15 09:19:56', '2019-10-15 09:19:56', '0');
INSERT INTO `sys_menu` VALUES ('1184036703585734658', '1135837162231607298', '新增/修改', '/blog/article/save', 'blog:article:save', '2', null, '1', null, null, '2019-10-15 09:22:03', '2019-10-15 09:22:03', '0');
INSERT INTO `sys_menu` VALUES ('1184037199029506049', '1135837162231607298', '删除', '/blog/article/delete', 'blog:article:del', '2', null, '2', null, null, '2019-10-15 09:24:01', '2019-10-15 09:24:01', '0');
INSERT INTO `sys_menu` VALUES ('1196362934139731969', '16', '查看', '/sysuser/list', 'sys:user:list', '2', 'el-icon-view', '0', null, null, '2019-11-18 09:42:06', '2019-11-18 09:42:06', '0');
INSERT INTO `sys_menu` VALUES ('1196363233176829953', '17', '查看', '/sysrole/list', 'sys:role:list', '2', 'el-icon-view', '0', null, null, '2019-11-18 09:43:17', '2019-11-18 09:43:17', '0');
INSERT INTO `sys_menu` VALUES ('1196369268801257473', '18', '查看', '/sysmenu/list', 'sys:menu:list', '2', 'el-icon-view', '0', null, null, '2019-11-18 10:07:16', '2019-11-18 10:07:16', '0');
INSERT INTO `sys_menu` VALUES ('1196369490004656130', '19', '查看', '/sysdept/list', 'sys:dept:list', '2', 'el-icon-view', '0', null, null, '2019-11-18 10:08:09', '2019-11-18 10:08:09', '0');
INSERT INTO `sys_menu` VALUES ('1196370026464526337', '21', '查看', '/schedulejob/list', 'sys:schedule:list', '2', 'el-icon-view', '0', null, null, '2019-11-18 10:10:16', '2019-11-18 10:10:16', '0');
INSERT INTO `sys_menu` VALUES ('1196370286398128130', '1116603445676101634', '查看', '/loginLog/list', 'sys:loginLog:list', '2', 'el-icon-view', '0', null, null, '2019-11-18 10:11:18', '2019-11-18 10:11:18', '0');
INSERT INTO `sys_menu` VALUES ('1196370687096766465', '1116613754159702018', '查看', '/operationLog/list', 'sys:operationLog:list', '2', 'el-icon-view', '0', null, null, '2019-11-18 10:12:54', '2019-11-18 10:12:54', '0');
INSERT INTO `sys_menu` VALUES ('1196370945335869442', '1116961835054452737', '查看', '/sysdict/list', 'sys:dict:list', '2', 'el-icon-view', '0', null, null, '2019-11-18 10:13:56', '2019-11-18 10:13:56', '0');
INSERT INTO `sys_menu` VALUES ('1196371477316222978', '1135837162231607298', '查看', '/article/list', 'blog:article:list', '2', 'el-icon-view', '0', null, null, '2019-11-18 10:16:02', '2019-11-18 10:16:20', '0');
INSERT INTO `sys_menu` VALUES ('1196371743612583938', '1161477550438887426', '查看', '/blog/category/list', 'blog:category:list', '2', 'el-icon-view', '0', null, null, '2019-11-18 10:17:06', '2019-11-18 10:17:06', '0');

-- ----------------------------
-- Table structure for sys_operation_log
-- ----------------------------
DROP TABLE IF EXISTS `sys_operation_log`;
CREATE TABLE `sys_operation_log` (
  `id` bigint(20) NOT NULL AUTO_INCREMENT,
  `log_type` varchar(32) DEFAULT NULL COMMENT '日志类型',
  `log_name` varchar(64) DEFAULT NULL COMMENT '日志名称',
  `user_id` bigint(20) DEFAULT NULL COMMENT '用户ID',
  `class_name` varchar(255) DEFAULT NULL COMMENT '类名称',
  `method` varchar(255) DEFAULT NULL COMMENT '方法名称',
  `succeed` varchar(32) DEFAULT NULL COMMENT '是否成功',
  `message` text COMMENT '备注',
  `create_time` datetime DEFAULT NULL COMMENT '创建时间',
  `update_time` datetime DEFAULT NULL COMMENT '更新时间',
  PRIMARY KEY (`id`)
) ENGINE=InnoDB AUTO_INCREMENT=1186575791801970691 DEFAULT CHARSET=utf8mb4 COMMENT='操作日志';

-- ----------------------------
-- Records of sys_operation_log
-- ----------------------------
INSERT INTO `sys_operation_log` VALUES ('1156013778021535745', '业务日志', '清空日志', '1072429679148908546', 'com.hsshy.beam.modular.sys.controller.OperationLogController', 'clear', '成功', '', '2019-07-30 01:28:57', '2019-07-30 01:28:57');
INSERT INTO `sys_operation_log` VALUES ('1161891593354907650', '业务日志', '清空日志', '1072429679148908546', 'com.hsshy.beam.modular.sys.controller.LoginLogController', 'clear', '成功', '', '2019-08-15 06:45:17', '2019-08-15 06:45:17');
INSERT INTO `sys_operation_log` VALUES ('1185137886076284930', '业务日志', '保存角色', '1072429679148908546', 'com.hsshy.beam.modular.sys.controller.RoleController', 'save', '成功', '{\"createTime\":1571393865477,\"currentPage\":0,\"id\":\"1185137885996593153\",\"pageSize\":10,\"remark\":\"22\",\"roleName\":\"11\",\"updateTime\":1571393865477}', '2019-10-18 10:17:45', '2019-10-18 10:17:45');
INSERT INTO `sys_operation_log` VALUES ('1186575791801970690', '业务日志', '保存角色', '1072429679148908546', 'com.hsshy.beam.modular.sys.controller.RoleController', 'save', '成功', '{\"createTime\":1545536715000,\"currentPage\":0,\"id\":\"1076685137679704065\",\"pageSize\":10,\"remark\":\"游客\",\"roleName\":\"游客\",\"updateTime\":1571736688916}', '2019-10-22 09:31:29', '2019-10-22 09:31:29');

-- ----------------------------
-- Table structure for sys_role
-- ----------------------------
DROP TABLE IF EXISTS `sys_role`;
CREATE TABLE `sys_role` (
  `id` bigint(20) NOT NULL,
  `role_name` varchar(100) DEFAULT NULL COMMENT '角色名称',
  `remark` varchar(100) DEFAULT NULL COMMENT '备注',
  `create_time` datetime DEFAULT NULL COMMENT '创建时间',
  `update_time` datetime DEFAULT NULL,
  PRIMARY KEY (`id`)
) ENGINE=InnoDB DEFAULT CHARSET=utf8 COMMENT='角色';

-- ----------------------------
-- Records of sys_role
-- ----------------------------
INSERT INTO `sys_role` VALUES ('1', '超级管理员', '超级管理员', '2018-10-10 22:39:38', '2019-07-23 05:50:42');
INSERT INTO `sys_role` VALUES ('1076685137679704065', 'fuck', '5', '2018-12-23 03:45:15', '2019-10-27 13:42:44');

-- ----------------------------
-- Table structure for sys_role_menu
-- ----------------------------
DROP TABLE IF EXISTS `sys_role_menu`;
CREATE TABLE `sys_role_menu` (
  `id` bigint(20) NOT NULL AUTO_INCREMENT,
  `role_id` bigint(20) DEFAULT NULL COMMENT '角色ID',
  `menu_id` bigint(20) DEFAULT NULL COMMENT '菜单ID',
  PRIMARY KEY (`id`)
) ENGINE=InnoDB AUTO_INCREMENT=1093 DEFAULT CHARSET=utf8 COMMENT='角色与菜单对应关系';

-- ----------------------------
-- Records of sys_role_menu
-- ----------------------------

-- ----------------------------
-- Table structure for sys_schedule_job
-- ----------------------------
DROP TABLE IF EXISTS `sys_schedule_job`;
CREATE TABLE `sys_schedule_job` (
  `id` bigint(20) NOT NULL AUTO_INCREMENT COMMENT '任务id',
  `bean_name` varchar(200) DEFAULT NULL COMMENT 'spring bean名称',
  `method_name` varchar(100) DEFAULT NULL COMMENT '方法名',
  `params` varchar(2000) DEFAULT NULL COMMENT '参数',
  `cron_expression` varchar(100) DEFAULT NULL COMMENT 'cron表达式',
  `status` tinyint(4) DEFAULT NULL COMMENT '任务状态  0：正常  1：暂停',
  `remark` varchar(255) DEFAULT NULL COMMENT '备注',
  `create_time` datetime DEFAULT NULL COMMENT '创建时间',
  `update_time` datetime DEFAULT NULL COMMENT '更新时间',
  PRIMARY KEY (`id`)
) ENGINE=InnoDB AUTO_INCREMENT=1080345897063223298 DEFAULT CHARSET=utf8 COMMENT='定时任务';

-- ----------------------------
-- Records of sys_schedule_job
-- ----------------------------
INSERT INTO `sys_schedule_job` VALUES ('1080345897063223297', 'testTask', 'test2', null, '0 * * * * ?', '0', '测试', '2019-01-02 06:11:48', '2019-07-30 01:28:47');

-- ----------------------------
-- Table structure for sys_user
-- ----------------------------
DROP TABLE IF EXISTS `sys_user`;
CREATE TABLE `sys_user` (
  `id` bigint(20) NOT NULL COMMENT '主键id',
  `avatar` varchar(255) DEFAULT NULL COMMENT '头像',
  `account` varchar(45) DEFAULT NULL COMMENT '账号',
  `password` varchar(128) DEFAULT NULL COMMENT '密码',
  `salt` varchar(45) DEFAULT NULL COMMENT 'md5密码盐',
  `name` varchar(45) DEFAULT NULL COMMENT '名字',
  `dept_id` bigint(20) DEFAULT NULL,
  `birthday` datetime DEFAULT NULL COMMENT '生日',
  `sex` int(11) DEFAULT NULL COMMENT '性别（1：男 2：女）',
  `email` varchar(45) DEFAULT NULL COMMENT '电子邮件',
  `phone` varchar(45) DEFAULT NULL COMMENT '电话',
  `status` int(11) DEFAULT NULL COMMENT '状态(1：启用  2：冻结  3：删除）',
  `version` int(11) DEFAULT NULL COMMENT '保留字段',
  `create_by` bigint(20) DEFAULT NULL,
  `update_by` bigint(20) DEFAULT NULL,
  `create_time` datetime DEFAULT NULL,
  `update_time` datetime DEFAULT NULL,
  `del_flag` tinyint(1) DEFAULT NULL,
  PRIMARY KEY (`id`),
  UNIQUE KEY `account` (`account`) USING BTREE
) ENGINE=InnoDB DEFAULT CHARSET=utf8 COMMENT='管理员表';

-- ----------------------------
-- Records of sys_user
-- ----------------------------
INSERT INTO `sys_user` VALUES ('1', 'https://wx.qlogo.cn/mmopen/vi_32/WgSOjJRaQq8FbBHGAr5gLHdaVia7SrnOwRZ9TL8lcDicXuMgqSR8rVgebFa9uIRiaLzYrPdtIia3jqjzkHVVOS38sw/132', 'admin', '7b7de4da17b26a6ba30675d78a521d2b29ba4681d3c24060b10306168a1b758e', 'UUsm1ZEjUSS8QR7zV2Y6', 'admin', '4', '2018-10-08 16:05:42', '1', '457030599@qq.com', '1', '1', null, null, null, '2018-10-31 17:48:40', '2019-07-08 01:26:01', '0');
INSERT INTO `sys_user` VALUES ('1072429679148908546', 'https://wx.qlogo.cn/mmopen/vi_32/WgSOjJRaQq8FbBHGAr5gLHdaVia7SrnOwRZ9TL8lcDicXuMgqSR8rVgebFa9uIRiaLzYrPdtIia3jqjzkHVVOS38sw/132', 'test', '1f66ae907c49c637ee63df28d561f89bb54db18d90d2e4e04db6981d2c6df6b7', 'sMQd7t1D1CPXSMWtlFZ7', 'test', '3', null, null, null, null, '1', null, null, null, '2018-12-11 09:55:35', '2019-10-24 08:36:52', '0');

-- ----------------------------
-- Table structure for sys_user_role
-- ----------------------------
DROP TABLE IF EXISTS `sys_user_role`;
CREATE TABLE `sys_user_role` (
  `id` bigint(20) NOT NULL AUTO_INCREMENT,
  `user_id` bigint(20) DEFAULT NULL COMMENT '用户ID',
  `role_id` bigint(20) DEFAULT NULL COMMENT '角色ID',
  PRIMARY KEY (`id`)
) ENGINE=InnoDB AUTO_INCREMENT=42 DEFAULT CHARSET=utf8 COMMENT='用户与角色对应关系';

-- ----------------------------
-- Records of sys_user_role
-- ----------------------------
INSERT INTO `sys_user_role` VALUES ('40', '1072429679148908546', '1076685137679704065');
INSERT INTO `sys_user_role` VALUES ('41', '1', '1');
